repaymentschedule_id,name,display_name,repayment_schedule_date,principal_amount,interest,amount
1707279,POSTRA,30120289,2023-06-25,365450,477750,843200
1707280,POSTRA,30120289,2023-07-25,369714,363236,732950
1707281,POSTRA,30120289,2023-08-25,374027,358923,732950
1707282,POSTRA,30120289,2023-09-25,378391,354559,732950
1707283,POSTRA,30120289,2023-10-25,382805,350145,732950
1707284,POSTRA,30120289,2023-11-25,387271,345679,732950
1707285,POSTRA,30120289,2023-12-25,391789,341161,732950
1707286,POSTRA,30120289,2024-01-25,396360,336590,732950
1707287,POSTRA,30120289,2024-02-25,400984,331966,732950
1707288,POSTRA,30120289,2024-03-25,405663,327287,732950
1707289,POSTRA,30120289,2024-04-25,410395,322555,732950
1707290,POSTRA,30120289,2024-05-25,415183,317767,732950
1707291,POSTRA,30120289,2024-06-25,420027,312923,732950
1707292,POSTRA,30120289,2024-07-25,424927,308023,732950
1707293,POSTRA,30120289,2024-08-25,429885,303065,732950
1707294,POSTRA,30120289,2024-09-25,434900,298050,732950
1707295,POSTRA,30120289,2024-10-25,439974,292976,732950
1707296,POSTRA,30120289,2024-11-25,445107,287843,732950
1707297,POSTRA,30120289,2024-12-25,450300,282650,732950
1707298,POSTRA,30120289,2025-01-25,455553,277397,732950
1707299,POSTRA,30120289,2025-02-25,460868,272082,732950
1707300,POSTRA,30120289,2025-03-25,466245,266705,732950
1707301,POSTRA,30120289,2025-04-25,471685,261265,732950
1707302,POSTRA,30120289,2025-05-25,477188,255762,732950
1707303,POSTRA,30120289,2025-06-25,482755,250195,732950
1707304,POSTRA,30120289,2025-07-25,488387,244563,732950
1707305,POSTRA,30120289,2025-08-25,494085,238865,732950
1707306,POSTRA,30120289,2025-09-25,499849,233101,732950
1707307,POSTRA,30120289,2025-10-25,505681,227269,732950
1707308,POSTRA,30120289,2025-11-25,511580,221370,732950
1707309,POSTRA,30120289,2025-12-25,517549,215401,732950
1707310,POSTRA,30120289,2026-01-25,523587,209363,732950
1707311,POSTRA,30120289,2026-02-25,529695,203255,732950
1707312,POSTRA,30120289,2026-03-25,535875,197075,732950
1707313,POSTRA,30120289,2026-04-25,542127,190823,732950
1707314,POSTRA,30120289,2026-05-25,548452,184498,732950
1707315,POSTRA,30120289,2026-06-25,554850,178100,732950
1707316,POSTRA,30120289,2026-07-25,561324,171626,732950
1707317,POSTRA,30120289,2026-08-25,567872,165078,732950
1707318,POSTRA,30120289,2026-09-25,574498,158452,732950
1707319,POSTRA,30120289,2026-10-25,581200,151750,732950
1707320,POSTRA,30120289,2026-11-25,587981,144969,732950
1707321,POSTRA,30120289,2026-12-25,594840,138110,732950
1707322,POSTRA,30120289,2027-01-25,601780,131170,732950
1707323,POSTRA,30120289,2027-02-25,608801,124149,732950
1707324,POSTRA,30120289,2027-03-25,615904,117046,732950
1707325,POSTRA,30120289,2027-04-25,623089,109861,732950
1707326,POSTRA,30120289,2027-05-25,630359,102591,732950
1707327,POSTRA,30120289,2027-06-25,637713,95237,732950
1707328,POSTRA,30120289,2027-07-25,645153,87797,732950
1707329,POSTRA,30120289,2027-08-25,652680,80270,732950
1707330,POSTRA,30120289,2027-09-25,660294,72656,732950
1707331,POSTRA,30120289,2027-10-25,667998,64952,732950
1707332,POSTRA,30120289,2027-11-25,675791,57159,732950
1707333,POSTRA,30120289,2027-12-25,683675,49275,732950
1707334,POSTRA,30120289,2028-01-25,691651,41299,732950
1707335,POSTRA,30120289,2028-02-25,699721,33229,732950
1707336,POSTRA,30120289,2028-03-25,707884,25066,732950
1707337,POSTRA,30120289,2028-04-25,716143,16807,732950
1707338,POSTRA,30120289,2028-05-25,724486,8464,732950
1707339,POSTRA,30010251,2023-06-25,460583,602117,1062700
1707340,POSTRA,30010251,2023-07-25,465957,457793,923750
1707341,POSTRA,30010251,2023-08-25,471393,452357,923750
1707342,POSTRA,30010251,2023-09-25,476893,446857,923750
1707343,POSTRA,30010251,2023-10-25,482456,441294,923750
1707344,POSTRA,30010251,2023-11-25,488085,435665,923750
1707345,POSTRA,30010251,2023-12-25,493779,429971,923750
1707346,POSTRA,30010251,2024-01-25,499540,424210,923750
1707347,POSTRA,30010251,2024-02-25,505368,418382,923750
1707348,POSTRA,30010251,2024-03-25,511264,412486,923750
1707349,POSTRA,30010251,2024-04-25,517229,406521,923750
1707350,POSTRA,30010251,2024-05-25,523263,400487,923750
1707351,POSTRA,30010251,2024-06-25,529368,394382,923750
1707352,POSTRA,30010251,2024-07-25,535544,388206,923750
1707353,POSTRA,30010251,2024-08-25,541792,381958,923750
1707354,POSTRA,30010251,2024-09-25,548113,375637,923750
1707355,POSTRA,30010251,2024-10-25,554507,369243,923750
1707356,POSTRA,30010251,2024-11-25,560977,362773,923750
1707357,POSTRA,30010251,2024-12-25,567521,356229,923750
1707358,POSTRA,30010251,2025-01-25,574142,349608,923750
1707359,POSTRA,30010251,2025-02-25,580841,342909,923750
1707360,POSTRA,30010251,2025-03-25,587617,336133,923750
1707361,POSTRA,30010251,2025-04-25,594473,329277,923750
1707362,POSTRA,30010251,2025-05-25,601408,322342,923750
1707363,POSTRA,30010251,2025-06-25,608425,315325,923750
1707364,POSTRA,30010251,2025-07-25,615523,308227,923750
1707365,POSTRA,30010251,2025-08-25,622704,301046,923750
1707366,POSTRA,30010251,2025-09-25,629969,293781,923750
1707367,POSTRA,30010251,2025-10-25,637319,286431,923750
1707368,POSTRA,30010251,2025-11-25,644754,278996,923750
1707369,POSTRA,30010251,2025-12-25,652276,271474,923750
1707370,POSTRA,30010251,2026-01-25,659886,263864,923750
1707371,POSTRA,30010251,2026-02-25,667585,256165,923750
1707372,POSTRA,30010251,2026-03-25,675373,248377,923750
1707373,POSTRA,30010251,2026-04-25,683252,240498,923750
1707374,POSTRA,30010251,2026-05-25,691224,232526,923750
1707375,POSTRA,30010251,2026-06-25,699288,224462,923750
1707376,POSTRA,30010251,2026-07-25,707446,216304,923750
1707377,POSTRA,30010251,2026-08-25,715700,208050,923750
1707378,POSTRA,30010251,2026-09-25,724050,199700,923750
1707379,POSTRA,30010251,2026-10-25,732497,191253,923750
1707380,POSTRA,30010251,2026-11-25,741043,182707,923750
1707381,POSTRA,30010251,2026-12-25,749688,174062,923750
1707382,POSTRA,30010251,2027-01-25,758435,165315,923750
1707383,POSTRA,30010251,2027-02-25,767283,156467,923750
1707384,POSTRA,30010251,2027-03-25,776235,147515,923750
1707385,POSTRA,30010251,2027-04-25,785291,138459,923750
1707386,POSTRA,30010251,2027-05-25,794453,129297,923750
1707387,POSTRA,30010251,2027-06-25,803721,120029,923750
1707388,POSTRA,30010251,2027-07-25,813098,110652,923750
1707389,POSTRA,30010251,2027-08-25,822584,101166,923750
1707390,POSTRA,30010251,2027-09-25,832181,91569,923750
1707391,POSTRA,30010251,2027-10-25,841890,81860,923750
1707392,POSTRA,30010251,2027-11-25,851712,72038,923750
1707393,POSTRA,30010251,2027-12-25,861648,62102,923750
1707394,POSTRA,30010251,2028-01-25,871701,52049,923750
1707395,POSTRA,30010251,2028-02-25,881871,41879,923750
1707396,POSTRA,30010251,2028-03-25,892159,31591,923750
1707397,POSTRA,30010251,2028-04-25,902568,21182,923750
1707398,POSTRA,30010251,2028-05-25,913055,10695,923750
1707399,POSTRA,30530013,2023-06-25,584302,711753,1296055
1707400,POSTRA,30530013,2023-07-25,591119,540685,1131804
1707401,POSTRA,30530013,2023-08-25,598015,533789,1131804
1707402,POSTRA,30530013,2023-09-25,604992,526812,1131804
1707403,POSTRA,30530013,2023-10-25,612050,519754,1131804
1707404,POSTRA,30530013,2023-11-25,619191,512613,1131804
1707405,POSTRA,30530013,2023-12-25,626415,505389,1131804
1707406,POSTRA,30530013,2024-01-25,633723,498081,1131804
1707407,POSTRA,30530013,2024-02-25,641116,490688,1131804
1707408,POSTRA,30530013,2024-03-25,648596,483208,1131804
1707409,POSTRA,30530013,2024-04-25,656163,475641,1131804
1707410,POSTRA,30530013,2024-05-25,663818,467986,1131804
1707411,POSTRA,30530013,2024-06-25,671563,460241,1131804
1707412,POSTRA,30530013,2024-07-25,679397,452407,1131804
1707413,POSTRA,30530013,2024-08-25,687324,444480,1131804
1707414,POSTRA,30530013,2024-09-25,695343,436461,1131804
1707415,POSTRA,30530013,2024-10-25,703455,428349,1131804
1707416,POSTRA,30530013,2024-11-25,711662,420142,1131804
1707417,POSTRA,30530013,2024-12-25,719965,411839,1131804
1707418,POSTRA,30530013,2025-01-25,728364,403440,1131804
1707419,POSTRA,30530013,2025-02-25,736862,394942,1131804
1707420,POSTRA,30530013,2025-03-25,745458,386346,1131804
1707421,POSTRA,30530013,2025-04-25,754155,377649,1131804
1707422,POSTRA,30530013,2025-05-25,762954,368850,1131804
1707423,POSTRA,30530013,2025-06-25,771855,359949,1131804
1707424,POSTRA,30530013,2025-07-25,780860,350944,1131804
1707425,POSTRA,30530013,2025-08-25,789970,341834,1131804
1707426,POSTRA,30530013,2025-09-25,799186,332618,1131804
1707427,POSTRA,30530013,2025-10-25,808510,323294,1131804
1707428,POSTRA,30530013,2025-11-25,817943,313861,1131804
1707429,POSTRA,30530013,2025-12-25,827486,304318,1131804
1707430,POSTRA,30530013,2026-01-25,837140,294664,1131804
1707431,POSTRA,30530013,2026-02-25,846906,284898,1131804
1707432,POSTRA,30530013,2026-03-25,856787,275017,1131804
1707433,POSTRA,30530013,2026-04-25,866783,265021,1131804
1707434,POSTRA,30530013,2026-05-25,876895,254909,1131804
1707435,POSTRA,30530013,2026-06-25,887125,244679,1131804
1707436,POSTRA,30530013,2026-07-25,897475,234329,1131804
1707437,POSTRA,30530013,2026-08-25,907946,223858,1131804
1707438,POSTRA,30530013,2026-09-25,918539,213265,1131804
1707439,POSTRA,30530013,2026-10-25,929255,202549,1131804
1707440,POSTRA,30530013,2026-11-25,940096,191708,1131804
1707441,POSTRA,30530013,2026-12-25,951064,180740,1131804
1707442,POSTRA,30530013,2027-01-25,962160,169644,1131804
1707443,POSTRA,30530013,2027-02-25,973385,158419,1131804
1707444,POSTRA,30530013,2027-03-25,984741,147063,1131804
1707445,POSTRA,30530013,2027-04-25,996230,135574,1131804
1707446,POSTRA,30530013,2027-05-25,1007852,123952,1131804
1707447,POSTRA,30530013,2027-06-25,1019611,112193,1131804
1707448,POSTRA,30530013,2027-07-25,1031506,100298,1131804
1707449,POSTRA,30530013,2027-08-25,1043540,88264,1131804
1707450,POSTRA,30530013,2027-09-25,1055715,76089,1131804
1707451,POSTRA,30530013,2027-10-25,1068032,63772,1131804
1707452,POSTRA,30530013,2027-11-25,1080492,51312,1131804
1707453,POSTRA,30530013,2027-12-25,1093098,38706,1131804
1707454,POSTRA,30530013,2028-01-25,1105851,25953,1131804
1707455,POSTRA,30530013,2028-02-25,1118731,13073,1131804
1707456,POSTRA,30170223,2023-06-25,653119,581882,1235001
1707457,POSTRA,30170223,2023-07-25,660739,439982,1100721
1707458,POSTRA,30170223,2023-08-25,668447,432274,1100721
1707459,POSTRA,30170223,2023-09-25,676246,424475,1100721
1707460,POSTRA,30170223,2023-10-25,684136,416585,1100721
1707461,POSTRA,30170223,2023-11-25,692117,408604,1100721
1707462,POSTRA,30170223,2023-12-25,700192,400529,1100721
1707463,POSTRA,30170223,2024-01-25,708361,392360,1100721
1707464,POSTRA,30170223,2024-02-25,716625,384096,1100721
1707465,POSTRA,30170223,2024-03-25,724986,375735,1100721
1707466,POSTRA,30170223,2024-04-25,733444,367277,1100721
1707467,POSTRA,30170223,2024-05-25,742001,358720,1100721
1707468,POSTRA,30170223,2024-06-25,750657,350064,1100721
1707469,POSTRA,30170223,2024-07-25,759415,341306,1100721
1707470,POSTRA,30170223,2024-08-25,768275,332446,1100721
1707471,POSTRA,30170223,2024-09-25,777238,323483,1100721
1707472,POSTRA,30170223,2024-10-25,786306,314415,1100721
1707473,POSTRA,30170223,2024-11-25,795479,305242,1100721
1707474,POSTRA,30170223,2024-12-25,804760,295961,1100721
1707475,POSTRA,30170223,2025-01-25,814149,286572,1100721
1707476,POSTRA,30170223,2025-02-25,823647,277074,1100721
1707477,POSTRA,30170223,2025-03-25,833256,267465,1100721
1707478,POSTRA,30170223,2025-04-25,842978,257743,1100721
1707479,POSTRA,30170223,2025-05-25,852812,247909,1100721
1707480,POSTRA,30170223,2025-06-25,862762,237959,1100721
1707481,POSTRA,30170223,2025-07-25,872828,227893,1100721
1707482,POSTRA,30170223,2025-08-25,883010,217711,1100721
1707483,POSTRA,30170223,2025-09-25,893312,207409,1100721
1707484,POSTRA,30170223,2025-10-25,903734,196987,1100721
1707485,POSTRA,30170223,2025-11-25,914278,186443,1100721
1707486,POSTRA,30170223,2025-12-25,924944,175777,1100721
1707487,POSTRA,30170223,2026-01-25,935735,164986,1100721
1707488,POSTRA,30170223,2026-02-25,946652,154069,1100721
1707489,POSTRA,30170223,2026-03-25,957697,143024,1100721
1707490,POSTRA,30170223,2026-04-25,968870,131851,1100721
1707491,POSTRA,30170223,2026-05-25,980173,120548,1100721
1707492,POSTRA,30170223,2026-06-25,991609,109112,1100721
1707493,POSTRA,30170223,2026-07-25,1003177,97544,1100721
1707494,POSTRA,30170223,2026-08-25,1014881,85840,1100721
1707495,POSTRA,30170223,2026-09-25,1026721,74000,1100721
1707496,POSTRA,30170223,2026-10-25,1038700,62021,1100721
1707497,POSTRA,30170223,2026-11-25,1050818,49903,1100721
1707498,POSTRA,30170223,2026-12-25,1063077,37644,1100721
1707499,POSTRA,30170223,2027-01-25,1075480,25241,1100721
1707500,POSTRA,30170223,2027-02-25,1088032,12689,1100721
1707501,POSTRA,30180202,2023-06-25,472919,421337,894256
1707502,POSTRA,30180202,2023-07-25,478436,318588,797024
1707503,POSTRA,30180202,2023-08-25,484018,313006,797024
1707504,POSTRA,30180202,2023-09-25,489665,307359,797024
1707505,POSTRA,30180202,2023-10-25,495377,301647,797024
1707506,POSTRA,30180202,2023-11-25,501157,295867,797024
1707507,POSTRA,30180202,2023-12-25,507004,290020,797024
1707508,POSTRA,30180202,2024-01-25,512919,284105,797024
1707509,POSTRA,30180202,2024-02-25,518903,278121,797024
1707510,POSTRA,30180202,2024-03-25,524957,272067,797024
1707511,POSTRA,30180202,2024-04-25,531081,265943,797024
1707512,POSTRA,30180202,2024-05-25,537277,259747,797024
1707513,POSTRA,30180202,2024-06-25,543545,253479,797024
1707514,POSTRA,30180202,2024-07-25,549887,247137,797024
1707515,POSTRA,30180202,2024-08-25,556302,240722,797024
1707516,POSTRA,30180202,2024-09-25,562792,234232,797024
1707517,POSTRA,30180202,2024-10-25,569358,227666,797024
1707518,POSTRA,30180202,2024-11-25,576001,221023,797024
1707519,POSTRA,30180202,2024-12-25,582721,214303,797024
1707520,POSTRA,30180202,2025-01-25,589519,207505,797024
1707521,POSTRA,30180202,2025-02-25,596397,200627,797024
1707522,POSTRA,30180202,2025-03-25,603355,193669,797024
1707523,POSTRA,30180202,2025-04-25,610394,186630,797024
1707524,POSTRA,30180202,2025-05-25,617515,179509,797024
1707525,POSTRA,30180202,2025-06-25,624719,172305,797024
1707526,POSTRA,30180202,2025-07-25,632008,165016,797024
1707527,POSTRA,30180202,2025-08-25,639381,157643,797024
1707528,POSTRA,30180202,2025-09-25,646841,150183,797024
1707529,POSTRA,30180202,2025-10-25,654387,142637,797024
1707530,POSTRA,30180202,2025-11-25,662022,135002,797024
1707531,POSTRA,30180202,2025-12-25,669745,127279,797024
1707532,POSTRA,30180202,2026-01-25,677559,119465,797024
1707533,POSTRA,30180202,2026-02-25,685464,111560,797024
1707534,POSTRA,30180202,2026-03-25,693461,103563,797024
1707535,POSTRA,30180202,2026-04-25,701551,95473,797024
1707536,POSTRA,30180202,2026-05-25,709736,87288,797024
1707537,POSTRA,30180202,2026-06-25,718016,79008,797024
1707538,POSTRA,30180202,2026-07-25,726393,70631,797024
1707539,POSTRA,30180202,2026-08-25,734868,62156,797024
1707540,POSTRA,30180202,2026-09-25,743441,53583,797024
1707541,POSTRA,30180202,2026-10-25,752115,44909,797024
1707542,POSTRA,30180202,2026-11-25,760889,36135,797024
1707543,POSTRA,30180202,2026-12-25,769766,27258,797024
1707544,POSTRA,30180202,2027-01-25,778747,18277,797024
1707545,POSTRA,30180202,2027-02-25,787854,9170,797024
1707546,POSTRA,30070241,2023-06-25,540710,495554,1036264
1707547,POSTRA,30070241,2023-07-25,547018,374887,921905
1707548,POSTRA,30070241,2023-08-25,553400,368505,921905
1707549,POSTRA,30070241,2023-09-25,559856,362049,921905
1707550,POSTRA,30070241,2023-10-25,566388,355517,921905
1707551,POSTRA,30070241,2023-11-25,572996,348909,921905
1707552,POSTRA,30070241,2023-12-25,579681,342224,921905
1707553,POSTRA,30070241,2024-01-25,586443,335462,921905
1707554,POSTRA,30070241,2024-02-25,593285,328620,921905
1707555,POSTRA,30070241,2024-03-25,600207,321698,921905
1707556,POSTRA,30070241,2024-04-25,607209,314696,921905
1707557,POSTRA,30070241,2024-05-25,614293,307612,921905
1707558,POSTRA,30070241,2024-06-25,621460,300445,921905
1707559,POSTRA,30070241,2024-07-25,628711,293194,921905
1707560,POSTRA,30070241,2024-08-25,636046,285859,921905
1707561,POSTRA,30070241,2024-09-25,643466,278439,921905
1707562,POSTRA,30070241,2024-10-25,650973,270932,921905
1707563,POSTRA,30070241,2024-11-25,658568,263337,921905
1707564,POSTRA,30070241,2024-12-25,666251,255654,921905
1707565,POSTRA,30070241,2025-01-25,674024,247881,921905
1707566,POSTRA,30070241,2025-02-25,681888,240017,921905
1707567,POSTRA,30070241,2025-03-25,689843,232062,921905
1707568,POSTRA,30070241,2025-04-25,697891,224014,921905
1707569,POSTRA,30070241,2025-05-25,706033,215872,921905
1707570,POSTRA,30070241,2025-06-25,714270,207635,921905
1707571,POSTRA,30070241,2025-07-25,722603,199302,921905
1707572,POSTRA,30070241,2025-08-25,731034,190871,921905
1707573,POSTRA,30070241,2025-09-25,739563,182342,921905
1707574,POSTRA,30070241,2025-10-25,748191,173714,921905
1707575,POSTRA,30070241,2025-11-25,756920,164985,921905
1707576,POSTRA,30070241,2025-12-25,765750,156155,921905
1707577,POSTRA,30070241,2026-01-25,774684,147221,921905
1707578,POSTRA,30070241,2026-02-25,783722,138183,921905
1707579,POSTRA,30070241,2026-03-25,792866,129039,921905
1707580,POSTRA,30070241,2026-04-25,802116,119789,921905
1707581,POSTRA,30070241,2026-05-25,811474,110431,921905
1707582,POSTRA,30070241,2026-06-25,820941,100964,921905
1707583,POSTRA,30070241,2026-07-25,830519,91386,921905
1707584,POSTRA,30070241,2026-08-25,840208,81697,921905
1707585,POSTRA,30070241,2026-09-25,850010,71895,921905
1707586,POSTRA,30070241,2026-10-25,859927,61978,921905
1707587,POSTRA,30070241,2026-11-25,869960,51945,921905
1707588,POSTRA,30070241,2026-12-25,880109,41796,921905
1707589,POSTRA,30070241,2027-01-25,890377,31528,921905
1707590,POSTRA,30070241,2027-02-25,900765,21140,921905
1707591,POSTRA,30070241,2027-03-25,911247,10658,921905
1707592,POSTRA,30330001,2023-06-25,1012335,953972,1966307
1707593,POSTRA,30330001,2023-07-25,1024145,722014,1746159
1707594,POSTRA,30330001,2023-08-25,1036093,710066,1746159
1707595,POSTRA,30330001,2023-09-25,1048181,697978,1746159
1707596,POSTRA,30330001,2023-10-25,1060410,685749,1746159
1707597,POSTRA,30330001,2023-11-25,1072781,673378,1746159
1707598,POSTRA,30330001,2023-12-25,1085297,660862,1746159
1707599,POSTRA,30330001,2024-01-25,1097959,648200,1746159
1707600,POSTRA,30330001,2024-02-25,1110769,635390,1746159
1707601,POSTRA,30330001,2024-03-25,1123728,622431,1746159
1707602,POSTRA,30330001,2024-04-25,1136838,609321,1746159
1707603,POSTRA,30330001,2024-05-25,1150101,596058,1746159
1707604,POSTRA,30330001,2024-06-25,1163519,582640,1746159
1707605,POSTRA,30330001,2024-07-25,1177093,569066,1746159
1707606,POSTRA,30330001,2024-08-25,1190826,555333,1746159
1707607,POSTRA,30330001,2024-09-25,1204719,541440,1746159
1707608,POSTRA,30330001,2024-10-25,1218774,527385,1746159
1707609,POSTRA,30330001,2024-11-25,1232993,513166,1746159
1707610,POSTRA,30330001,2024-12-25,1247378,498781,1746159
1707611,POSTRA,30330001,2025-01-25,1261930,484229,1746159
1707612,POSTRA,30330001,2025-02-25,1276653,469506,1746159
1707613,POSTRA,30330001,2025-03-25,1291547,454612,1746159
1707614,POSTRA,30330001,2025-04-25,1306615,439544,1746159
1707615,POSTRA,30330001,2025-05-25,1321859,424300,1746159
1707616,POSTRA,30330001,2025-06-25,1337281,408878,1746159
1707617,POSTRA,30330001,2025-07-25,1352882,393277,1746159
1707618,POSTRA,30330001,2025-08-25,1368666,377493,1746159
1707619,POSTRA,30330001,2025-09-25,1384634,361525,1746159
1707620,POSTRA,30330001,2025-10-25,1400788,345371,1746159
1707621,POSTRA,30330001,2025-11-25,1417130,329029,1746159
1707622,POSTRA,30330001,2025-12-25,1433664,312495,1746159
1707623,POSTRA,30330001,2026-01-25,1450390,295769,1746159
1707624,POSTRA,30330001,2026-02-25,1467311,278848,1746159
1707625,POSTRA,30330001,2026-03-25,1484430,261729,1746159
1707626,POSTRA,30330001,2026-04-25,1501748,244411,1746159
1707627,POSTRA,30330001,2026-05-25,1519268,226891,1746159
1707628,POSTRA,30330001,2026-06-25,1536993,209166,1746159
1707629,POSTRA,30330001,2026-07-25,1554925,191234,1746159
1707630,POSTRA,30330001,2026-08-25,1573065,173094,1746159
1707631,POSTRA,30330001,2026-09-25,1591418,154741,1746159
1707632,POSTRA,30330001,2026-10-25,1609984,136175,1746159
1707633,POSTRA,30330001,2026-11-25,1628768,117391,1746159
1707634,POSTRA,30330001,2026-12-25,1647770,98389,1746159
1707635,POSTRA,30330001,2027-01-25,1666994,79165,1746159
1707636,POSTRA,30330001,2027-02-25,1686442,59717,1746159
1707637,POSTRA,30330001,2027-03-25,1706117,40042,1746159
1707638,POSTRA,30330001,2027-04-25,1726029,20130,1746159
1707639,POSTRA,30440081,2023-06-25,417657,546000,963657
1707640,POSTRA,30440081,2023-07-25,422530,415127,837657
1707641,POSTRA,30440081,2023-08-25,427459,410198,837657
1707642,POSTRA,30440081,2023-09-25,432446,405211,837657
1707643,POSTRA,30440081,2023-10-25,437491,400166,837657
1707644,POSTRA,30440081,2023-11-25,442595,395062,837657
1707645,POSTRA,30440081,2023-12-25,447759,389898,837657
1707646,POSTRA,30440081,2024-01-25,452983,384674,837657
1707647,POSTRA,30440081,2024-02-25,458268,379389,837657
1707648,POSTRA,30440081,2024-03-25,463614,374043,837657
1707649,POSTRA,30440081,2024-04-25,469023,368634,837657
1707650,POSTRA,30440081,2024-05-25,474495,363162,837657
1707651,POSTRA,30440081,2024-06-25,480031,357626,837657
1707652,POSTRA,30440081,2024-07-25,485631,352026,837657
1707653,POSTRA,30440081,2024-08-25,491297,346360,837657
1707654,POSTRA,30440081,2024-09-25,497029,340628,837657
1707655,POSTRA,30440081,2024-10-25,502827,334830,837657
1707656,POSTRA,30440081,2024-11-25,508694,328963,837657
1707657,POSTRA,30440081,2024-12-25,514628,323029,837657
1707658,POSTRA,30440081,2025-01-25,520632,317025,837657
1707659,POSTRA,30440081,2025-02-25,526706,310951,837657
1707660,POSTRA,30440081,2025-03-25,532851,304806,837657
1707661,POSTRA,30440081,2025-04-25,539068,298589,837657
1707662,POSTRA,30440081,2025-05-25,545357,292300,837657
1707663,POSTRA,30440081,2025-06-25,551719,285938,837657
1707664,POSTRA,30440081,2025-07-25,558156,279501,837657
1707665,POSTRA,30440081,2025-08-25,564668,272989,837657
1707666,POSTRA,30440081,2025-09-25,571256,266401,837657
1707667,POSTRA,30440081,2025-10-25,577920,259737,837657
1707668,POSTRA,30440081,2025-11-25,584663,252994,837657
1707669,POSTRA,30440081,2025-12-25,591484,246173,837657
1707670,POSTRA,30440081,2026-01-25,598385,239272,837657
1707671,POSTRA,30440081,2026-02-25,605366,232291,837657
1707672,POSTRA,30440081,2026-03-25,612428,225229,837657
1707673,POSTRA,30440081,2026-04-25,619573,218084,837657
1707674,POSTRA,30440081,2026-05-25,626802,210855,837657
1707675,POSTRA,30440081,2026-06-25,634114,203543,837657
1707676,POSTRA,30440081,2026-07-25,641512,196145,837657
1707677,POSTRA,30440081,2026-08-25,648997,188660,837657
1707678,POSTRA,30440081,2026-09-25,656568,181089,837657
1707679,POSTRA,30440081,2026-10-25,664228,173429,837657
1707680,POSTRA,30440081,2026-11-25,671978,165679,837657
1707681,POSTRA,30440081,2026-12-25,679817,157840,837657
1707682,POSTRA,30440081,2027-01-25,687749,149908,837657
1707683,POSTRA,30440081,2027-02-25,695772,141885,837657
1707684,POSTRA,30440081,2027-03-25,703890,133767,837657
1707685,POSTRA,30440081,2027-04-25,712102,125555,837657
1707686,POSTRA,30440081,2027-05-25,720410,117247,837657
1707687,POSTRA,30440081,2027-06-25,728814,108843,837657
1707688,POSTRA,30440081,2027-07-25,737317,100340,837657
1707689,POSTRA,30440081,2027-08-25,745919,91738,837657
1707690,POSTRA,30440081,2027-09-25,754622,83035,837657
1707691,POSTRA,30440081,2027-10-25,763425,74232,837657
1707692,POSTRA,30440081,2027-11-25,772332,65325,837657
1707693,POSTRA,30440081,2027-12-25,781343,56314,837657
1707694,POSTRA,30440081,2028-01-25,790458,47199,837657
1707695,POSTRA,30440081,2028-02-25,799680,37977,837657
1707696,POSTRA,30440081,2028-03-25,809010,28647,837657
1707697,POSTRA,30440081,2028-04-25,818448,19209,837657
1707698,POSTRA,30440081,2028-05-25,828004,9653,837657
1707699,POSTRA,30030151,2023-06-25,1295304,207096,1502400
1707700,POSTRA,30030151,2023-07-25,1310415,144193,1454608
1707701,POSTRA,30030151,2023-08-25,1325704,128904,1454608
1707702,POSTRA,30030151,2023-09-25,1341170,113438,1454608
1707703,POSTRA,30030151,2023-10-25,1356817,97791,1454608
1707704,POSTRA,30030151,2023-11-25,1372647,81961,1454608
1707705,POSTRA,30030151,2023-12-25,1388661,65947,1454608
1707706,POSTRA,30030151,2024-01-25,1404862,49746,1454608
1707707,POSTRA,30030151,2024-02-25,1421252,33356,1454608
1707708,POSTRA,30030151,2024-03-25,1437836,16772,1454608
1707709,POSTRA,30170206,2023-06-25,873183,800262,1673445
1707710,POSTRA,30170206,2023-07-25,883370,605399,1488769
1707711,POSTRA,30170206,2023-08-25,893676,595093,1488769
1707712,POSTRA,30170206,2023-09-25,904102,584667,1488769
1707713,POSTRA,30170206,2023-10-25,914650,574119,1488769
1707714,POSTRA,30170206,2023-11-25,925321,563448,1488769
1707715,POSTRA,30170206,2023-12-25,936116,552653,1488769
1707716,POSTRA,30170206,2024-01-25,947037,541732,1488769
1707717,POSTRA,30170206,2024-02-25,958086,530683,1488769
1707718,POSTRA,30170206,2024-03-25,969264,519505,1488769
1707719,POSTRA,30170206,2024-04-25,980572,508197,1488769
1707720,POSTRA,30170206,2024-05-25,992012,496757,1488769
1707721,POSTRA,30170206,2024-06-25,1003585,485184,1488769
1707722,POSTRA,30170206,2024-07-25,1015294,473475,1488769
1707723,POSTRA,30170206,2024-08-25,1027139,461630,1488769
1707724,POSTRA,30170206,2024-09-25,1039122,449647,1488769
1707725,POSTRA,30170206,2024-10-25,1051245,437524,1488769
1707726,POSTRA,30170206,2024-11-25,1063510,425259,1488769
1707727,POSTRA,30170206,2024-12-25,1075918,412851,1488769
1707728,POSTRA,30170206,2025-01-25,1088470,400299,1488769
1707729,POSTRA,30170206,2025-02-25,1101169,387600,1488769
1707730,POSTRA,30170206,2025-03-25,1114016,374753,1488769
1707731,POSTRA,30170206,2025-04-25,1127013,361756,1488769
1707732,POSTRA,30170206,2025-05-25,1140161,348608,1488769
1707733,POSTRA,30170206,2025-06-25,1153463,335306,1488769
1707734,POSTRA,30170206,2025-07-25,1166920,321849,1488769
1707735,POSTRA,30170206,2025-08-25,1180534,308235,1488769
1707736,POSTRA,30170206,2025-09-25,1194307,294462,1488769
1707737,POSTRA,30170206,2025-10-25,1208241,280528,1488769
1707738,POSTRA,30170206,2025-11-25,1222337,266432,1488769
1707739,POSTRA,30170206,2025-12-25,1236597,252172,1488769
1707740,POSTRA,30170206,2026-01-25,1251024,237745,1488769
1707741,POSTRA,30170206,2026-02-25,1265620,223149,1488769
1707742,POSTRA,30170206,2026-03-25,1280385,208384,1488769
1707743,POSTRA,30170206,2026-04-25,1295323,193446,1488769
1707744,POSTRA,30170206,2026-05-25,1310435,178334,1488769
1707745,POSTRA,30170206,2026-06-25,1325723,163046,1488769
1707746,POSTRA,30170206,2026-07-25,1341190,147579,1488769
1707747,POSTRA,30170206,2026-08-25,1356837,131932,1488769
1707748,POSTRA,30170206,2026-09-25,1372667,116102,1488769
1707749,POSTRA,30170206,2026-10-25,1388682,100087,1488769
1707750,POSTRA,30170206,2026-11-25,1404883,83886,1488769
1707751,POSTRA,30170206,2026-12-25,1421273,67496,1488769
1707752,POSTRA,30170206,2027-01-25,1437855,50914,1488769
1707753,POSTRA,30170206,2027-02-25,1454630,34139,1488769
1707754,POSTRA,30170206,2027-03-25,1471594,17175,1488769
1707755,POSTRA,30160319,2023-06-25,1390087,1274000,2664087
1707756,POSTRA,30160319,2023-07-25,1406305,963782,2370087
1707757,POSTRA,30160319,2023-08-25,1422712,947375,2370087
1707758,POSTRA,30160319,2023-09-25,1439310,930777,2370087
1707759,POSTRA,30160319,2023-10-25,1456102,913985,2370087
1707760,POSTRA,30160319,2023-11-25,1473090,896997,2370087
1707761,POSTRA,30160319,2023-12-25,1490276,879811,2370087
1707762,POSTRA,30160319,2024-01-25,1507662,862425,2370087
1707763,POSTRA,30160319,2024-02-25,1525252,844835,2370087
1707764,POSTRA,30160319,2024-03-25,1543046,827041,2370087
1707765,POSTRA,30160319,2024-04-25,1561048,809039,2370087
1707766,POSTRA,30160319,2024-05-25,1579261,790826,2370087
1707767,POSTRA,30160319,2024-06-25,1597685,772402,2370087
1707768,POSTRA,30160319,2024-07-25,1616325,753762,2370087
1707769,POSTRA,30160319,2024-08-25,1635182,734905,2370087
1707770,POSTRA,30160319,2024-09-25,1654259,715828,2370087
1707771,POSTRA,30160319,2024-10-25,1673559,696528,2370087
1707772,POSTRA,30160319,2024-11-25,1693084,677003,2370087
1707773,POSTRA,30160319,2024-12-25,1712837,657250,2370087
1707774,POSTRA,30160319,2025-01-25,1732820,637267,2370087
1707775,POSTRA,30160319,2025-02-25,1753036,617051,2370087
1707776,POSTRA,30160319,2025-03-25,1773488,596599,2370087
1707777,POSTRA,30160319,2025-04-25,1794179,575908,2370087
1707778,POSTRA,30160319,2025-05-25,1815111,554976,2370087
1707779,POSTRA,30160319,2025-06-25,1836287,533800,2370087
1707780,POSTRA,30160319,2025-07-25,1857710,512377,2370087
1707781,POSTRA,30160319,2025-08-25,1879384,490703,2370087
1707782,POSTRA,30160319,2025-09-25,1901310,468777,2370087
1707783,POSTRA,30160319,2025-10-25,1923492,446595,2370087
1707784,POSTRA,30160319,2025-11-25,1945932,424155,2370087
1707785,POSTRA,30160319,2025-12-25,1968635,401452,2370087
1707786,POSTRA,30160319,2026-01-25,1991602,378485,2370087
1707787,POSTRA,30160319,2026-02-25,2014838,355249,2370087
1707788,POSTRA,30160319,2026-03-25,2038344,331743,2370087
1707789,POSTRA,30160319,2026-04-25,2062125,307962,2370087
1707790,POSTRA,30160319,2026-05-25,2086183,283904,2370087
1707791,POSTRA,30160319,2026-06-25,2110522,259565,2370087
1707792,POSTRA,30160319,2026-07-25,2135145,234942,2370087
1707793,POSTRA,30160319,2026-08-25,2160055,210032,2370087
1707794,POSTRA,30160319,2026-09-25,2185255,184832,2370087
1707795,POSTRA,30160319,2026-10-25,2210750,159337,2370087
1707796,POSTRA,30160319,2026-11-25,2236542,133545,2370087
1707797,POSTRA,30160319,2026-12-25,2262635,107452,2370087
1707798,POSTRA,30160319,2027-01-25,2289032,81055,2370087
1707799,POSTRA,30160319,2027-02-25,2315738,54349,2370087
1707800,POSTRA,30160319,2027-03-25,2342768,27319,2370087
1707801,POSTRA,30140184,2023-06-25,446661,583917,1030578
1707802,POSTRA,30140184,2023-07-25,451872,443956,895828
1707803,POSTRA,30140184,2023-08-25,457144,438684,895828
1707804,POSTRA,30140184,2023-09-25,462478,433350,895828
1707805,POSTRA,30140184,2023-10-25,467873,427955,895828
1707806,POSTRA,30140184,2023-11-25,473332,422496,895828
1707807,POSTRA,30140184,2023-12-25,478854,416974,895828
1707808,POSTRA,30140184,2024-01-25,484440,411388,895828
1707809,POSTRA,30140184,2024-02-25,490092,405736,895828
1707810,POSTRA,30140184,2024-03-25,495810,400018,895828
1707811,POSTRA,30140184,2024-04-25,501594,394234,895828
1707812,POSTRA,30140184,2024-05-25,507446,388382,895828
1707813,POSTRA,30140184,2024-06-25,513367,382461,895828
1707814,POSTRA,30140184,2024-07-25,519356,376472,895828
1707815,POSTRA,30140184,2024-08-25,525415,370413,895828
1707816,POSTRA,30140184,2024-09-25,531545,364283,895828
1707817,POSTRA,30140184,2024-10-25,537746,358082,895828
1707818,POSTRA,30140184,2024-11-25,544020,351808,895828
1707819,POSTRA,30140184,2024-12-25,550367,345461,895828
1707820,POSTRA,30140184,2025-01-25,556788,339040,895828
1707821,POSTRA,30140184,2025-02-25,563284,332544,895828
1707822,POSTRA,30140184,2025-03-25,569855,325973,895828
1707823,POSTRA,30140184,2025-04-25,576504,319324,895828
1707824,POSTRA,30140184,2025-05-25,583230,312598,895828
1707825,POSTRA,30140184,2025-06-25,590034,305794,895828
1707826,POSTRA,30140184,2025-07-25,596918,298910,895828
1707827,POSTRA,30140184,2025-08-25,603882,291946,895828
1707828,POSTRA,30140184,2025-09-25,610927,284901,895828
1707829,POSTRA,30140184,2025-10-25,618054,277774,895828
1707830,POSTRA,30140184,2025-11-25,625265,270563,895828
1707831,POSTRA,30140184,2025-12-25,632560,263268,895828
1707832,POSTRA,30140184,2026-01-25,639940,255888,895828
1707833,POSTRA,30140184,2026-02-25,647406,248422,895828
1707834,POSTRA,30140184,2026-03-25,654959,240869,895828
1707835,POSTRA,30140184,2026-04-25,662600,233228,895828
1707836,POSTRA,30140184,2026-05-25,670330,225498,895828
1707837,POSTRA,30140184,2026-06-25,678151,217677,895828
1707838,POSTRA,30140184,2026-07-25,686062,209766,895828
1707839,POSTRA,30140184,2026-08-25,694067,201761,895828
1707840,POSTRA,30140184,2026-09-25,702164,193664,895828
1707841,POSTRA,30140184,2026-10-25,710356,185472,895828
1707842,POSTRA,30140184,2026-11-25,718643,177185,895828
1707843,POSTRA,30140184,2026-12-25,727028,168800,895828
1707844,POSTRA,30140184,2027-01-25,735510,160318,895828
1707845,POSTRA,30140184,2027-02-25,744091,151737,895828
1707846,POSTRA,30140184,2027-03-25,752772,143056,895828
1707847,POSTRA,30140184,2027-04-25,761554,134274,895828
1707848,POSTRA,30140184,2027-05-25,770439,125389,895828
1707849,POSTRA,30140184,2027-06-25,779427,116401,895828
1707850,POSTRA,30140184,2027-07-25,788520,107308,895828
1707851,POSTRA,30140184,2027-08-25,797720,98108,895828
1707852,POSTRA,30140184,2027-09-25,807027,88801,895828
1707853,POSTRA,30140184,2027-10-25,816442,79386,895828
1707854,POSTRA,30140184,2027-11-25,825967,69861,895828
1707855,POSTRA,30140184,2027-12-25,835603,60225,895828
1707856,POSTRA,30140184,2028-01-25,845352,50476,895828
1707857,POSTRA,30140184,2028-02-25,855215,40613,895828
1707858,POSTRA,30140184,2028-03-25,865192,30636,895828
1707859,POSTRA,30140184,2028-04-25,875286,20542,895828
1707860,POSTRA,30140184,2028-05-25,885464,10364,895828
1707861,POSTRA,30450069,2023-06-25,1090386,455000,1545386
1707862,POSTRA,30450069,2023-07-25,1103107,337279,1440386
1707863,POSTRA,30450069,2023-08-25,1115977,324409,1440386
1707864,POSTRA,30450069,2023-09-25,1128996,311390,1440386
1707865,POSTRA,30450069,2023-10-25,1142168,298218,1440386
1707866,POSTRA,30450069,2023-11-25,1155493,284893,1440386
1707867,POSTRA,30450069,2023-12-25,1168974,271412,1440386
1707868,POSTRA,30450069,2024-01-25,1182612,257774,1440386
1707869,POSTRA,30450069,2024-02-25,1196409,243977,1440386
1707870,POSTRA,30450069,2024-03-25,1210367,230019,1440386
1707871,POSTRA,30450069,2024-04-25,1224488,215898,1440386
1707872,POSTRA,30450069,2024-05-25,1238774,201612,1440386
1707873,POSTRA,30450069,2024-06-25,1253226,187160,1440386
1707874,POSTRA,30450069,2024-07-25,1267847,172539,1440386
1707875,POSTRA,30450069,2024-08-25,1282639,157747,1440386
1707876,POSTRA,30450069,2024-09-25,1297603,142783,1440386
1707877,POSTRA,30450069,2024-10-25,1312742,127644,1440386
1707878,POSTRA,30450069,2024-11-25,1328057,112329,1440386
1707879,POSTRA,30450069,2024-12-25,1343551,96835,1440386
1707880,POSTRA,30450069,2025-01-25,1359226,81160,1440386
1707881,POSTRA,30450069,2025-02-25,1375083,65303,1440386
1707882,POSTRA,30450069,2025-03-25,1391126,49260,1440386
1707883,POSTRA,30450069,2025-04-25,1407356,33030,1440386
1707884,POSTRA,30450069,2025-05-25,1423793,16593,1440386
1707885,POSTRA,30170219,2023-06-25,605767,586690,1192457
1707886,POSTRA,30170219,2023-07-25,612834,444233,1057067
1707887,POSTRA,30170219,2023-08-25,619984,437083,1057067
1707888,POSTRA,30170219,2023-09-25,627217,429850,1057067
1707889,POSTRA,30170219,2023-10-25,634535,422532,1057067
1707890,POSTRA,30170219,2023-11-25,641937,415130,1057067
1707891,POSTRA,30170219,2023-12-25,649427,407640,1057067
1707892,POSTRA,30170219,2024-01-25,657003,400064,1057067
1707893,POSTRA,30170219,2024-02-25,664668,392399,1057067
1707894,POSTRA,30170219,2024-03-25,672423,384644,1057067
1707895,POSTRA,30170219,2024-04-25,680268,376799,1057067
1707896,POSTRA,30170219,2024-05-25,688204,368863,1057067
1707897,POSTRA,30170219,2024-06-25,696233,360834,1057067
1707898,POSTRA,30170219,2024-07-25,704356,352711,1057067
1707899,POSTRA,30170219,2024-08-25,712574,344493,1057067
1707900,POSTRA,30170219,2024-09-25,720887,336180,1057067
1707901,POSTRA,30170219,2024-10-25,729297,327770,1057067
1707902,POSTRA,30170219,2024-11-25,737806,319261,1057067
1707903,POSTRA,30170219,2024-12-25,746413,310654,1057067
1707904,POSTRA,30170219,2025-01-25,755122,301945,1057067
1707905,POSTRA,30170219,2025-02-25,763931,293136,1057067
1707906,POSTRA,30170219,2025-03-25,772844,284223,1057067
1707907,POSTRA,30170219,2025-04-25,781860,275207,1057067
1707908,POSTRA,30170219,2025-05-25,790982,266085,1057067
1707909,POSTRA,30170219,2025-06-25,800210,256857,1057067
1707910,POSTRA,30170219,2025-07-25,809546,247521,1057067
1707911,POSTRA,30170219,2025-08-25,818991,238076,1057067
1707912,POSTRA,30170219,2025-09-25,828546,228521,1057067
1707913,POSTRA,30170219,2025-10-25,838212,218855,1057067
1707914,POSTRA,30170219,2025-11-25,847991,209076,1057067
1707915,POSTRA,30170219,2025-12-25,857884,199183,1057067
1707916,POSTRA,30170219,2026-01-25,867893,189174,1057067
1707917,POSTRA,30170219,2026-02-25,878018,179049,1057067
1707918,POSTRA,30170219,2026-03-25,888262,168805,1057067
1707919,POSTRA,30170219,2026-04-25,898625,158442,1057067
1707920,POSTRA,30170219,2026-05-25,909109,147958,1057067
1707921,POSTRA,30170219,2026-06-25,919715,137352,1057067
1707922,POSTRA,30170219,2026-07-25,930445,126622,1057067
1707923,POSTRA,30170219,2026-08-25,941300,115767,1057067
1707924,POSTRA,30170219,2026-09-25,952282,104785,1057067
1707925,POSTRA,30170219,2026-10-25,963392,93675,1057067
1707926,POSTRA,30170219,2026-11-25,974632,82435,1057067
1707927,POSTRA,30170219,2026-12-25,986002,71065,1057067
1707928,POSTRA,30170219,2027-01-25,997506,59561,1057067
1707929,POSTRA,30170219,2027-02-25,1009143,47924,1057067
1707930,POSTRA,30170219,2027-03-25,1020917,36150,1057067
1707931,POSTRA,30170219,2027-04-25,1032827,24240,1057067
1707932,POSTRA,30170219,2027-05-25,1044849,12218,1057067
1707933,POSTRA,3007024,2023-06-25,268574,246146,514720
1707934,POSTRA,3007024,2023-07-25,271708,186209,457917
1707935,POSTRA,3007024,2023-08-25,274877,183040,457917
1707936,POSTRA,3007024,2023-09-25,278084,179833,457917
1707937,POSTRA,3007024,2023-10-25,281329,176588,457917
1707938,POSTRA,3007024,2023-11-25,284611,173306,457917
1707939,POSTRA,3007024,2023-12-25,287931,169986,457917
1707940,POSTRA,3007024,2024-01-25,291291,166626,457917
1707941,POSTRA,3007024,2024-02-25,294689,163228,457917
1707942,POSTRA,3007024,2024-03-25,298127,159790,457917
1707943,POSTRA,3007024,2024-04-25,301605,156312,457917
1707944,POSTRA,3007024,2024-05-25,305124,152793,457917
1707945,POSTRA,3007024,2024-06-25,308684,149233,457917
1707946,POSTRA,3007024,2024-07-25,312285,145632,457917
1707947,POSTRA,3007024,2024-08-25,315928,141989,457917
1707948,POSTRA,3007024,2024-09-25,319614,138303,457917
1707949,POSTRA,3007024,2024-10-25,323343,134574,457917
1707950,POSTRA,3007024,2024-11-25,327115,130802,457917
1707951,POSTRA,3007024,2024-12-25,330932,126985,457917
1707952,POSTRA,3007024,2025-01-25,334792,123125,457917
1707953,POSTRA,3007024,2025-02-25,338698,119219,457917
1707954,POSTRA,3007024,2025-03-25,342650,115267,457917
1707955,POSTRA,3007024,2025-04-25,346647,111270,457917
1707956,POSTRA,3007024,2025-05-25,350692,107225,457917
1707957,POSTRA,3007024,2025-06-25,354783,103134,457917
1707958,POSTRA,3007024,2025-07-25,358922,98995,457917
1707959,POSTRA,3007024,2025-08-25,363110,94807,457917
1707960,POSTRA,3007024,2025-09-25,367346,90571,457917
1707961,POSTRA,3007024,2025-10-25,371632,86285,457917
1707962,POSTRA,3007024,2025-11-25,375967,81950,457917
1707963,POSTRA,3007024,2025-12-25,380354,77563,457917
1707964,POSTRA,3007024,2026-01-25,384791,73126,457917
1707965,POSTRA,3007024,2026-02-25,389280,68637,457917
1707966,POSTRA,3007024,2026-03-25,393822,64095,457917
1707967,POSTRA,3007024,2026-04-25,398416,59501,457917
1707968,POSTRA,3007024,2026-05-25,403065,54852,457917
1707969,POSTRA,3007024,2026-06-25,407767,50150,457917
1707970,POSTRA,3007024,2026-07-25,412524,45393,457917
1707971,POSTRA,3007024,2026-08-25,417337,40580,457917
1707972,POSTRA,3007024,2026-09-25,422206,35711,457917
1707973,POSTRA,3007024,2026-10-25,427132,30785,457917
1707974,POSTRA,3007024,2026-11-25,432115,25802,457917
1707975,POSTRA,3007024,2026-12-25,437156,20761,457917
1707976,POSTRA,3007024,2027-01-25,442256,15661,457917
1707977,POSTRA,3007024,2027-02-25,447416,10501,457917
1707978,POSTRA,3007024,2027-03-25,452658,5259,457917
1707979,POSTRA,30070267,2023-06-25,468395,478582,946977
1707980,POSTRA,30070267,2023-07-25,473860,362675,836535
1707981,POSTRA,30070267,2023-08-25,479388,357147,836535
1707982,POSTRA,30070267,2023-09-25,484981,351554,836535
1707983,POSTRA,30070267,2023-10-25,490639,345896,836535
1707984,POSTRA,30070267,2023-11-25,496363,340172,836535
1707985,POSTRA,30070267,2023-12-25,502154,334381,836535
1707986,POSTRA,30070267,2024-01-25,508012,328523,836535
1707987,POSTRA,30070267,2024-02-25,513939,322596,836535
1707988,POSTRA,30070267,2024-03-25,519935,316600,836535
1707989,POSTRA,30070267,2024-04-25,526001,310534,836535
1707990,POSTRA,30070267,2024-05-25,532138,304397,836535
1707991,POSTRA,30070267,2024-06-25,538346,298189,836535
1707992,POSTRA,30070267,2024-07-25,544627,291908,836535
1707993,POSTRA,30070267,2024-08-25,550981,285554,836535
1707994,POSTRA,30070267,2024-09-25,557409,279126,836535
1707995,POSTRA,30070267,2024-10-25,563912,272623,836535
1707996,POSTRA,30070267,2024-11-25,570491,266044,836535
1707997,POSTRA,30070267,2024-12-25,577147,259388,836535
1707998,POSTRA,30070267,2025-01-25,583880,252655,836535
1707999,POSTRA,30070267,2025-02-25,590692,245843,836535
1708000,POSTRA,30070267,2025-03-25,597583,238952,836535
1708001,POSTRA,30070267,2025-04-25,604555,231980,836535
1708002,POSTRA,30070267,2025-05-25,611608,224927,836535
1708003,POSTRA,30070267,2025-06-25,618744,217791,836535
1708004,POSTRA,30070267,2025-07-25,625962,210573,836535
1708005,POSTRA,30070267,2025-08-25,633265,203270,836535
1708006,POSTRA,30070267,2025-09-25,640653,195882,836535
1708007,POSTRA,30070267,2025-10-25,648128,188407,836535
1708008,POSTRA,30070267,2025-11-25,655689,180846,836535
1708009,POSTRA,30070267,2025-12-25,663339,173196,836535
1708010,POSTRA,30070267,2026-01-25,671078,165457,836535
1708011,POSTRA,30070267,2026-02-25,678907,157628,836535
1708012,POSTRA,30070267,2026-03-25,686828,149707,836535
1708013,POSTRA,30070267,2026-04-25,694841,141694,836535
1708014,POSTRA,30070267,2026-05-25,702947,133588,836535
1708015,POSTRA,30070267,2026-06-25,711148,125387,836535
1708016,POSTRA,30070267,2026-07-25,719445,117090,836535
1708017,POSTRA,30070267,2026-08-25,727838,108697,836535
1708018,POSTRA,30070267,2026-09-25,736330,100205,836535
1708019,POSTRA,30070267,2026-10-25,744920,91615,836535
1708020,POSTRA,30070267,2026-11-25,753611,82924,836535
1708021,POSTRA,30070267,2026-12-25,762403,74132,836535
1708022,POSTRA,30070267,2027-01-25,771298,65237,836535
1708023,POSTRA,30070267,2027-02-25,780296,56239,836535
1708024,POSTRA,30070267,2027-03-25,789400,47135,836535
1708025,POSTRA,30070267,2027-04-25,798610,37925,836535
1708026,POSTRA,30070267,2027-05-25,807927,28608,836535
1708027,POSTRA,30070267,2027-06-25,817352,19183,836535
1708028,POSTRA,30070267,2027-07-25,826866,9669,836535
1708029,POSTRA,3025033,2023-06-25,341259,348681,689940
1708030,POSTRA,3025033,2023-07-25,345240,264235,609475
1708031,POSTRA,3025033,2023-08-25,349268,260207,609475
1708032,POSTRA,3025033,2023-09-25,353343,256132,609475
1708033,POSTRA,3025033,2023-10-25,357465,252010,609475
1708034,POSTRA,3025033,2023-11-25,361635,247840,609475
1708035,POSTRA,3025033,2023-12-25,365854,243621,609475
1708036,POSTRA,3025033,2024-01-25,370123,239352,609475
1708037,POSTRA,3025033,2024-02-25,374441,235034,609475
1708038,POSTRA,3025033,2024-03-25,378809,230666,609475
1708039,POSTRA,3025033,2024-04-25,383229,226246,609475
1708040,POSTRA,3025033,2024-05-25,387700,221775,609475
1708041,POSTRA,3025033,2024-06-25,392223,217252,609475
1708042,POSTRA,3025033,2024-07-25,396799,212676,609475
1708043,POSTRA,3025033,2024-08-25,401428,208047,609475
1708044,POSTRA,3025033,2024-09-25,406112,203363,609475
1708045,POSTRA,3025033,2024-10-25,410850,198625,609475
1708046,POSTRA,3025033,2024-11-25,415643,193832,609475
1708047,POSTRA,3025033,2024-12-25,420492,188983,609475
1708048,POSTRA,3025033,2025-01-25,425398,184077,609475
1708049,POSTRA,3025033,2025-02-25,430361,179114,609475
1708050,POSTRA,3025033,2025-03-25,435382,174093,609475
1708051,POSTRA,3025033,2025-04-25,440461,169014,609475
1708052,POSTRA,3025033,2025-05-25,445600,163875,609475
1708053,POSTRA,3025033,2025-06-25,450798,158677,609475
1708054,POSTRA,3025033,2025-07-25,456058,153417,609475
1708055,POSTRA,3025033,2025-08-25,461378,148097,609475
1708056,POSTRA,3025033,2025-09-25,466761,142714,609475
1708057,POSTRA,3025033,2025-10-25,472207,137268,609475
1708058,POSTRA,3025033,2025-11-25,477716,131759,609475
1708059,POSTRA,3025033,2025-12-25,483289,126186,609475
1708060,POSTRA,3025033,2026-01-25,488927,120548,609475
1708061,POSTRA,3025033,2026-02-25,494632,114843,609475
1708062,POSTRA,3025033,2026-03-25,500402,109073,609475
1708063,POSTRA,3025033,2026-04-25,506240,103235,609475
1708064,POSTRA,3025033,2026-05-25,512146,97329,609475
1708065,POSTRA,3025033,2026-06-25,518121,91354,609475
1708066,POSTRA,3025033,2026-07-25,524166,85309,609475
1708067,POSTRA,3025033,2026-08-25,530282,79193,609475
1708068,POSTRA,3025033,2026-09-25,536468,73007,609475
1708069,POSTRA,3025033,2026-10-25,542727,66748,609475
1708070,POSTRA,3025033,2026-11-25,549059,60416,609475
1708071,POSTRA,3025033,2026-12-25,555464,54011,609475
1708072,POSTRA,3025033,2027-01-25,561945,47530,609475
1708073,POSTRA,3025033,2027-02-25,568501,40974,609475
1708074,POSTRA,3025033,2027-03-25,575133,34342,609475
1708075,POSTRA,3025033,2027-04-25,581843,27632,609475
1708076,POSTRA,3025033,2027-05-25,588631,20844,609475
1708077,POSTRA,3025033,2027-06-25,595499,13976,609475
1708078,POSTRA,3025033,2027-07-25,602462,7013,609475
1708079,POSTRA,30070242,2023-06-25,393754,340858,734612
1708080,POSTRA,30070242,2023-07-25,398348,257604,655952
1708081,POSTRA,30070242,2023-08-25,402995,252957,655952
1708082,POSTRA,30070242,2023-09-25,407697,248255,655952
1708083,POSTRA,30070242,2023-10-25,412453,243499,655952
1708084,POSTRA,30070242,2023-11-25,417265,238687,655952
1708085,POSTRA,30070242,2023-12-25,422133,233819,655952
1708086,POSTRA,30070242,2024-01-25,427058,228894,655952
1708087,POSTRA,30070242,2024-02-25,432040,223912,655952
1708088,POSTRA,30070242,2024-03-25,437081,218871,655952
1708089,POSTRA,30070242,2024-04-25,442180,213772,655952
1708090,POSTRA,30070242,2024-05-25,447339,208613,655952
1708091,POSTRA,30070242,2024-06-25,452558,203394,655952
1708092,POSTRA,30070242,2024-07-25,457838,198114,655952
1708093,POSTRA,30070242,2024-08-25,463179,192773,655952
1708094,POSTRA,30070242,2024-09-25,468583,187369,655952
1708095,POSTRA,30070242,2024-10-25,474050,181902,655952
1708096,POSTRA,30070242,2024-11-25,479580,176372,655952
1708097,POSTRA,30070242,2024-12-25,485175,170777,655952
1708098,POSTRA,30070242,2025-01-25,490836,165116,655952
1708099,POSTRA,30070242,2025-02-25,496562,159390,655952
1708100,POSTRA,30070242,2025-03-25,502355,153597,655952
1708101,POSTRA,30070242,2025-04-25,508216,147736,655952
1708102,POSTRA,30070242,2025-05-25,514145,141807,655952
1708103,POSTRA,30070242,2025-06-25,520144,135808,655952
1708104,POSTRA,30070242,2025-07-25,526212,129740,655952
1708105,POSTRA,30070242,2025-08-25,532351,123601,655952
1708106,POSTRA,30070242,2025-09-25,538562,117390,655952
1708107,POSTRA,30070242,2025-10-25,544845,111107,655952
1708108,POSTRA,30070242,2025-11-25,551202,104750,655952
1708109,POSTRA,30070242,2025-12-25,557632,98320,655952
1708110,POSTRA,30070242,2026-01-25,564138,91814,655952
1708111,POSTRA,30070242,2026-02-25,570720,85232,655952
1708112,POSTRA,30070242,2026-03-25,577378,78574,655952
1708113,POSTRA,30070242,2026-04-25,584114,71838,655952
1708114,POSTRA,30070242,2026-05-25,590929,65023,655952
1708115,POSTRA,30070242,2026-06-25,597823,58129,655952
1708116,POSTRA,30070242,2026-07-25,604798,51154,655952
1708117,POSTRA,30070242,2026-08-25,611854,44098,655952
1708118,POSTRA,30070242,2026-09-25,618992,36960,655952
1708119,POSTRA,30070242,2026-10-25,626214,29738,655952
1708120,POSTRA,30070242,2026-11-25,633519,22433,655952
1708121,POSTRA,30070242,2026-12-25,640910,15042,655952
1708122,POSTRA,30070242,2027-01-25,648371,7581,655952
1708123,POSTRA,30350003,2023-06-25,930288,1188186,2118474
1708124,POSTRA,30350003,2023-07-25,941141,903136,1844277
1708125,POSTRA,30350003,2023-08-25,952121,892156,1844277
1708126,POSTRA,30350003,2023-09-25,963229,881048,1844277
1708127,POSTRA,30350003,2023-10-25,974467,869810,1844277
1708128,POSTRA,30350003,2023-11-25,985835,858442,1844277
1708129,POSTRA,30350003,2023-12-25,997337,846940,1844277
1708130,POSTRA,30350003,2024-01-25,1008972,835305,1844277
1708131,POSTRA,30350003,2024-02-25,1020744,823533,1844277
1708132,POSTRA,30350003,2024-03-25,1032652,811625,1844277
1708133,POSTRA,30350003,2024-04-25,1044700,799577,1844277
1708134,POSTRA,30350003,2024-05-25,1056888,787389,1844277
1708135,POSTRA,30350003,2024-06-25,1069219,775058,1844277
1708136,POSTRA,30350003,2024-07-25,1081693,762584,1844277
1708137,POSTRA,30350003,2024-08-25,1094313,749964,1844277
1708138,POSTRA,30350003,2024-09-25,1107080,737197,1844277
1708139,POSTRA,30350003,2024-10-25,1119996,724281,1844277
1708140,POSTRA,30350003,2024-11-25,1133062,711215,1844277
1708141,POSTRA,30350003,2024-12-25,1146281,697996,1844277
1708142,POSTRA,30350003,2025-01-25,1159654,684623,1844277
1708143,POSTRA,30350003,2025-02-25,1173184,671093,1844277
1708144,POSTRA,30350003,2025-03-25,1186871,657406,1844277
1708145,POSTRA,30350003,2025-04-25,1200718,643559,1844277
1708146,POSTRA,30350003,2025-05-25,1214726,629551,1844277
1708147,POSTRA,30350003,2025-06-25,1228898,615379,1844277
1708148,POSTRA,30350003,2025-07-25,1243235,601042,1844277
1708149,POSTRA,30350003,2025-08-25,1257739,586538,1844277
1708150,POSTRA,30350003,2025-09-25,1272413,571864,1844277
1708151,POSTRA,30350003,2025-10-25,1287258,557019,1844277
1708152,POSTRA,30350003,2025-11-25,1302276,542001,1844277
1708153,POSTRA,30350003,2025-12-25,1317469,526808,1844277
1708154,POSTRA,30350003,2026-01-25,1332840,511437,1844277
1708155,POSTRA,30350003,2026-02-25,1348389,495888,1844277
1708156,POSTRA,30350003,2026-03-25,1364121,480156,1844277
1708157,POSTRA,30350003,2026-04-25,1380035,464242,1844277
1708158,POSTRA,30350003,2026-05-25,1396136,448141,1844277
1708159,POSTRA,30350003,2026-06-25,1412424,431853,1844277
1708160,POSTRA,30350003,2026-07-25,1428902,415375,1844277
1708161,POSTRA,30350003,2026-08-25,1445573,398704,1844277
1708162,POSTRA,30350003,2026-09-25,1462438,381839,1844277
1708163,POSTRA,30350003,2026-10-25,1479500,364777,1844277
1708164,POSTRA,30350003,2026-11-25,1496760,347517,1844277
1708165,POSTRA,30350003,2026-12-25,1514223,330054,1844277
1708166,POSTRA,30350003,2027-01-25,1531889,312388,1844277
1708167,POSTRA,30350003,2027-02-25,1549761,294516,1844277
1708168,POSTRA,30350003,2027-03-25,1567841,276436,1844277
1708169,POSTRA,30350003,2027-04-25,1586133,258144,1844277
1708170,POSTRA,30350003,2027-05-25,1604638,239639,1844277
1708171,POSTRA,30350003,2027-06-25,1623358,220919,1844277
1708172,POSTRA,30350003,2027-07-25,1642297,201980,1844277
1708173,POSTRA,30350003,2027-08-25,1661458,182819,1844277
1708174,POSTRA,30350003,2027-09-25,1680841,163436,1844277
1708175,POSTRA,30350003,2027-10-25,1700451,143826,1844277
1708176,POSTRA,30350003,2027-11-25,1720290,123987,1844277
1708177,POSTRA,30350003,2027-12-25,1740360,103917,1844277
1708178,POSTRA,30350003,2028-01-25,1760664,83613,1844277
1708179,POSTRA,30350003,2028-02-25,1781205,63072,1844277
1708180,POSTRA,30350003,2028-03-25,1801986,42291,1844277
1708181,POSTRA,30350003,2028-04-25,1822978,21299,1844277
1708182,POSTRA,30360024,2023-06-25,757144,271477,1028621
1708183,POSTRA,30360024,2023-07-25,765977,199995,965972
1708184,POSTRA,30360024,2023-08-25,774913,191059,965972
1708185,POSTRA,30360024,2023-09-25,783954,182018,965972
1708186,POSTRA,30360024,2023-10-25,793100,172872,965972
1708187,POSTRA,30360024,2023-11-25,802353,163619,965972
1708188,POSTRA,30360024,2023-12-25,811714,154258,965972
1708189,POSTRA,30360024,2024-01-25,821184,144788,965972
1708190,POSTRA,30360024,2024-02-25,830764,135208,965972
1708191,POSTRA,30360024,2024-03-25,840456,125516,965972
1708192,POSTRA,30360024,2024-04-25,850262,115710,965972
1708193,POSTRA,30360024,2024-05-25,860181,105791,965972
1708194,POSTRA,30360024,2024-06-25,870217,95755,965972
1708195,POSTRA,30360024,2024-07-25,880369,85603,965972
1708196,POSTRA,30360024,2024-08-25,890640,75332,965972
1708197,POSTRA,30360024,2024-09-25,901031,64941,965972
1708198,POSTRA,30360024,2024-10-25,911543,54429,965972
1708199,POSTRA,30360024,2024-11-25,922178,43794,965972
1708200,POSTRA,30360024,2024-12-25,932937,33035,965972
1708201,POSTRA,30360024,2025-01-25,943821,22151,965972
1708202,POSTRA,30360024,2025-02-25,954844,11128,965972
1708203,POSTRA,30170208,2023-06-25,1193870,1125042,2318912
1708204,POSTRA,30170208,2023-07-25,1207799,851488,2059287
1708205,POSTRA,30170208,2023-08-25,1221890,837397,2059287
1708206,POSTRA,30170208,2023-09-25,1236145,823142,2059287
1708207,POSTRA,30170208,2023-10-25,1250567,808720,2059287
1708208,POSTRA,30170208,2023-11-25,1265157,794130,2059287
1708209,POSTRA,30170208,2023-12-25,1279917,779370,2059287
1708210,POSTRA,30170208,2024-01-25,1294849,764438,2059287
1708211,POSTRA,30170208,2024-02-25,1309956,749331,2059287
1708212,POSTRA,30170208,2024-03-25,1325239,734048,2059287
1708213,POSTRA,30170208,2024-04-25,1340700,718587,2059287
1708214,POSTRA,30170208,2024-05-25,1356341,702946,2059287
1708215,POSTRA,30170208,2024-06-25,1372165,687122,2059287
1708216,POSTRA,30170208,2024-07-25,1388174,671113,2059287
1708217,POSTRA,30170208,2024-08-25,1404369,654918,2059287
1708218,POSTRA,30170208,2024-09-25,1420754,638533,2059287
1708219,POSTRA,30170208,2024-10-25,1437329,621958,2059287
1708220,POSTRA,30170208,2024-11-25,1454098,605189,2059287
1708221,POSTRA,30170208,2024-12-25,1471062,588225,2059287
1708222,POSTRA,30170208,2025-01-25,1488225,571062,2059287
1708223,POSTRA,30170208,2025-02-25,1505587,553700,2059287
1708224,POSTRA,30170208,2025-03-25,1523153,536134,2059287
1708225,POSTRA,30170208,2025-04-25,1540923,518364,2059287
1708226,POSTRA,30170208,2025-05-25,1558900,500387,2059287
1708227,POSTRA,30170208,2025-06-25,1577087,482200,2059287
1708228,POSTRA,30170208,2025-07-25,1595487,463800,2059287
1708229,POSTRA,30170208,2025-08-25,1614101,445186,2059287
1708230,POSTRA,30170208,2025-09-25,1632932,426355,2059287
1708231,POSTRA,30170208,2025-10-25,1651983,407304,2059287
1708232,POSTRA,30170208,2025-11-25,1671256,388031,2059287
1708233,POSTRA,30170208,2025-12-25,1690754,368533,2059287
1708234,POSTRA,30170208,2026-01-25,1710479,348808,2059287
1708235,POSTRA,30170208,2026-02-25,1730435,328852,2059287
1708236,POSTRA,30170208,2026-03-25,1750623,308664,2059287
1708237,POSTRA,30170208,2026-04-25,1771047,288240,2059287
1708238,POSTRA,30170208,2026-05-25,1791709,267578,2059287
1708239,POSTRA,30170208,2026-06-25,1812613,246674,2059287
1708240,POSTRA,30170208,2026-07-25,1833760,225527,2059287
1708241,POSTRA,30170208,2026-08-25,1855154,204133,2059287
1708242,POSTRA,30170208,2026-09-25,1876797,182490,2059287
1708243,POSTRA,30170208,2026-10-25,1898693,160594,2059287
1708244,POSTRA,30170208,2026-11-25,1920845,138442,2059287
1708245,POSTRA,30170208,2026-12-25,1943254,116033,2059287
1708246,POSTRA,30170208,2027-01-25,1965926,93361,2059287
1708247,POSTRA,30170208,2027-02-25,1988862,70425,2059287
1708248,POSTRA,30170208,2027-03-25,2012065,47222,2059287
1708249,POSTRA,30170208,2027-04-25,2035543,23744,2059287
1708250,POSTRA,30530014,2023-06-25,466592,568368,1034960
1708251,POSTRA,30530014,2023-07-25,472036,431762,903798
1708252,POSTRA,30530014,2023-08-25,477543,426255,903798
1708253,POSTRA,30530014,2023-09-25,483114,420684,903798
1708254,POSTRA,30530014,2023-10-25,488750,415048,903798
1708255,POSTRA,30530014,2023-11-25,494453,409345,903798
1708256,POSTRA,30530014,2023-12-25,500221,403577,903798
1708257,POSTRA,30530014,2024-01-25,506057,397741,903798
1708258,POSTRA,30530014,2024-02-25,511961,391837,903798
1708259,POSTRA,30530014,2024-03-25,517934,385864,903798
1708260,POSTRA,30530014,2024-04-25,523977,379821,903798
1708261,POSTRA,30530014,2024-05-25,530090,373708,903798
1708262,POSTRA,30530014,2024-06-25,536274,367524,903798
1708263,POSTRA,30530014,2024-07-25,542530,361268,903798
1708264,POSTRA,30530014,2024-08-25,548860,354938,903798
1708265,POSTRA,30530014,2024-09-25,555263,348535,903798
1708266,POSTRA,30530014,2024-10-25,561741,342057,903798
1708267,POSTRA,30530014,2024-11-25,568295,335503,903798
1708268,POSTRA,30530014,2024-12-25,574925,328873,903798
1708269,POSTRA,30530014,2025-01-25,581633,322165,903798
1708270,POSTRA,30530014,2025-02-25,588418,315380,903798
1708271,POSTRA,30530014,2025-03-25,595283,308515,903798
1708272,POSTRA,30530014,2025-04-25,602228,301570,903798
1708273,POSTRA,30530014,2025-05-25,609254,294544,903798
1708274,POSTRA,30530014,2025-06-25,616362,287436,903798
1708275,POSTRA,30530014,2025-07-25,623553,280245,903798
1708276,POSTRA,30530014,2025-08-25,630828,272970,903798
1708277,POSTRA,30530014,2025-09-25,638188,265610,903798
1708278,POSTRA,30530014,2025-10-25,645633,258165,903798
1708279,POSTRA,30530014,2025-11-25,653165,250633,903798
1708280,POSTRA,30530014,2025-12-25,660786,243012,903798
1708281,POSTRA,30530014,2026-01-25,668495,235303,903798
1708282,POSTRA,30530014,2026-02-25,676294,227504,903798
1708283,POSTRA,30530014,2026-03-25,684184,219614,903798
1708284,POSTRA,30530014,2026-04-25,692166,211632,903798
1708285,POSTRA,30530014,2026-05-25,700241,203557,903798
1708286,POSTRA,30530014,2026-06-25,708411,195387,903798
1708287,POSTRA,30530014,2026-07-25,716676,187122,903798
1708288,POSTRA,30530014,2026-08-25,725037,178761,903798
1708289,POSTRA,30530014,2026-09-25,733496,170302,903798
1708290,POSTRA,30530014,2026-10-25,742053,161745,903798
1708291,POSTRA,30530014,2026-11-25,750710,153088,903798
1708292,POSTRA,30530014,2026-12-25,759469,144329,903798
1708293,POSTRA,30530014,2027-01-25,768329,135469,903798
1708294,POSTRA,30530014,2027-02-25,777293,126505,903798
1708295,POSTRA,30530014,2027-03-25,786361,117437,903798
1708296,POSTRA,30530014,2027-04-25,795536,108262,903798
1708297,POSTRA,30530014,2027-05-25,804817,98981,903798
1708298,POSTRA,30530014,2027-06-25,814206,89592,903798
1708299,POSTRA,30530014,2027-07-25,823706,80092,903798
1708300,POSTRA,30530014,2027-08-25,833315,70483,903798
1708301,POSTRA,30530014,2027-09-25,843037,60761,903798
1708302,POSTRA,30530014,2027-10-25,852873,50925,903798
1708303,POSTRA,30530014,2027-11-25,862823,40975,903798
1708304,POSTRA,30530014,2027-12-25,872889,30909,903798
1708305,POSTRA,30530014,2028-01-25,883073,20725,903798
1708306,POSTRA,30530014,2028-02-25,893352,10446,903798
